Titolo,Codice,Tipo,Volume,"Autore (Cognome, Nome)","Autore (Cognome, Nome) copy","Autore (Cognome, Nome) copy copy",Anno di pubblicazione,Luogo,Editore,Tags,Fondo,Fondo (from Fondo),pdf,Immagine
La bibbia delle famiglie,01.1.AAVBIB,Libro edito,,AAVV,,,1961,Roma,Edizioni Paoline,Religione,Venturati,Venturati,,
Cinquant'anni di Concordato,01.1.AAVCIN,Libro edito,,AAVV,,,1979,Firenze ,La Nuova Italia,"Politica,Chiesa",Venturati,Venturati,,
Lenin teorico e dirigente rivoluzionario,01.1.AAVLEN,Libro edito,,AAVV,,,1970,Roma,Critica Marxista,"Politica,Comunismo,Biografico",Venturati,Venturati,,
Morte di un generale,01.1.AAVMOR,Libro edito,,AAVV,,,1982,Milano,Mondadori,"Inchiesta,Politica",Venturati,Venturati,,
Parlamento Istituzioni Democrazia. Seminario di studio,01.1.AAVPAR,Libro edito,,AAVV,,,1980,Milano,Giuffrè,"Politica,Amministrazione,Giuridico",Venturati,Venturati,,
La scelta della professione,01.1.AAVSCE,Libro edito,,AAVV,,,1978,Milano,Giuffré,Educazione,Venturati,Venturati,,
Storia del Partito Socialista Italiano,01.1.AAVSTO.1,Libro edito,1,AAVV,,,1980,Padova,Marsilio,"Storia,Socialismo",Venturati,Venturati,,
Storia del Partito Socialista Italiano,01.1.AAVSTO.2,Libro edito,2,AAVV,,,1980,Padova,Marsilio,"Storia,Socialismo",Venturati,Venturati,,
Storia del Partito Socialista Italiano,01.1.AAVSTO.3,Libro edito,3,AAVV,,,1980,Padova,Marsilio,"Storia,Socialismo",Venturati,Venturati,,
Togliatti nella storia d'Italia,01.1.AAVTOG,Libro edito,,AAVV,,,1984,Roma,Editori Riuniti,"Storia,Biografico,Comunismo",Venturati,Venturati,,
Un'esperienza riformista,01.1.AAVUNE,Libro edito,,AAVV,,,1983,Milano,CREA,"Amministrazione,Politica",Venturati,Venturati,,
La filosofia di Benedetto Croce e la crisi della società italiana,01.1.ABBFIL,Libro edito,,"Abbate, Michele",,,1955,Torino,Einaudi,Filosofia,Venturati,Venturati,,
Cittadini in uniforme,01.1.ACCCIT,Libro edito,,"Accame, Falco",,,1976,Cosenza,Lerici,"Politica,Amministrazione",Venturati,Venturati,,
Socialismo tricolore,01.1.ACCSOC,Libro edito,,"Accame, Giano",,,1983,Milano,Editoriale Nuova,"Politica,Socialismo",Venturati,Venturati,,
Rinascita. 1944-1962,01.1.ALARIN.1,Libro edito,1,"Alatri, Paolo",,,1966,Firenze,Landi,"Politica,Comunismo",Venturati,Venturati,,
Rinascita. 1944-1962,01.1.ALARIN.2,Libro edito,2,"Alatri, Paolo",,,1966,Firenze,Landi,"Politica,Comunismo",Venturati,Venturati,,
Rinascita. 1944-1962,01.1.ALARIN.3,Libro edito,3,"Alatri, Paolo",,,1966,Firenze,Landi,"Politica,Comunismo",Venturati,Venturati,,
Una crociata per la giustizia,01.1.ALBCRO,Libro edito,,"Albanese, Angelo",,,1980,Roma,La Piramide,"Politica,Giuridico",Venturati,Venturati,,
Venti lettere a un amico,01.1.ALLVEN,Libro edito,,"Alliluieva, Svetlana",,,1967,Milano,Mondadori,"Biografico,Comunismo",Venturati,Venturati,,
Fascismo. Inchiesta socialista sulle gesta dei fascisti in Italia,01.1.AMBFAS,Libro edito,,"Ambrosoli, Luigi",,,1963,Milano,Edizioni Avanti!,"Inchiesta,Fascismo",Venturati,Venturati,,
Né aderire né sabotare 1915-1918,01.1.AMBNÉA,Libro edito,,"Ambrosoli, Luigi",,,1961,Milano,Edizioni Avanti!,"Storia,Grande Guerra",Venturati,Venturati,,
Fascismo e movimento operaio,01.1.AMEFAS,Libro edito,,"Amendola, Giorgio",,,1975,Roma,Editori Riuniti,"Storia,Fascismo,Operaismo,Comunismo",Venturati,Venturati,,
Una scelta di vita,01.1.AMESCE,Libro edito,,"Amendola, Giorgio",,,1976,Milano,Rizzoli,"Biografico,Comunismo",Venturati,Venturati,,
Tra passione e ragione,01.1.AMETRA,Libro edito,,"Amendola, Giorgio",,,1982,Milano,Rizzoli,"Biografico,Comunismo",Venturati,Venturati,,
Un'isola,01.1.AMEUNI,Libro edito,,"Amendola, Giorgio",,,1980,Milano,Rizzoli,"Biografico,Comunismo",Venturati,Venturati,,
Rosa Luxemburg. Scritti scelti,01.1.AMOROS,Libro edito,,"Amodio, Luciano",,,1963,Milano,Edizioni Avanti!,"Politica,Socialismo,Filosofia politica",Venturati,Venturati,,
Socialismo e fascismo,01.1.ANTSOC,Libro edito,,Antonio Gramsci,,,1966,Torino,Einaudi,"Politica,Socialismo",Venturati,Venturati,,
Trent'anni di storia italiana (1915-1945),01.1.ANTTRE,Libro edito,,"Antonicelli, Franco",,,1961,Torino,Einaudi,"Storia,Fascismo,Resistenza",Venturati,Venturati,,
Mondo Operaio 1956-1965,01.1.ARFMON.1,Libro edito,1,Arfè. Gaetano,,,1974,Firenze,Landi,"Politica,Socialismo",Venturati,Venturati,,
Mondo Operaio 1956-1965,01.1.ARFMON.2,Libro edito,2,Arfè. Gaetano,,,1974,Firenze,Landi,"Politica,Socialismo",Venturati,Venturati,,
Storia dell'Avanti! 1896-1926,01.1.ARFSTO.I,Libro edito,I,"Arfé, Gaetano",,,1956,Milano-Roma,Edizioni Avanti!,"Storia,Socialismo",Venturati,Venturati,,
Storia dell'Avanti! 1926-1940,01.1.ARFSTO.II,Libro edito,II,"Arfé, Gaetano",,,1958,Milano-Roma,Edizioni Avanti!,"Storia,Socialismo",Venturati,Venturati,,
"Discorsi di Enrico De Nicola, Enrico Altavilla, Enrico Gonzales. Scritti di Collino Pansa, Giuseppe Polillo",01.1.ASSDIS,Libro edito,,Associazione Forense Italiana,,,1956,Milano,Giuffré,Politica,Venturati,Venturati,,
Stato e chiesa in Polonia,01.1.ASSSTA,Libro edito,,Associazione italiana per i rapporti culturali con la Polonia,,,1959,Roma,Conoscersi,"Politica,Chiesa,Esteri",Venturati,Venturati,,
Il dramma di Graziani nelle arringhe della difesa,01.1.AUGDRA,Libro edito,,"Augenti, G.P.","Mastino del Rio, G.","Carnelutti, F.",1950,Bologna,Zuffi Editore,"Storia,Biografico",Venturati,Venturati,,
Blasco. La riabilitazione di un militante rivoluzionario,01.1.AZZBLA,Libro edito,,"Azzaroni, Alfredo",,,1962,Milano,Azione Comune,"Biografico,Comunismo,Resistenza",Venturati,Venturati,,
La vita spiegata ai miei figli,01.1.BACVIT,Libro edito,,"Bacus-Lindroth, Anne",,,1999,Milano,Bompiani,Educazione,Venturati,Venturati,,
Aritmetica pratica per le scuole medie inferiori,01.1.BAFARI,Libro edito,,"Baffi, Contardo",,,1934,Torino,Paravia,Educazione,Venturati,Venturati,,
Stato e Anarchia e altri scritti,01.1.BAKSTA,Libro edito,,"Bakunin, Michail A.",,,1968,Milano,Feltrinelli,"Politica,Anarchismo",Venturati,Venturati,,
Costituzione e organi dello stato,01.1.BALCOS,Libro edito,,"Balzamo, Vincenzo","Prosperi, Franco",,1977,Roma,Napoleone,Giuridico,Venturati,Venturati,,
Diritti civili e libertà democratiche,01.1.BALDIR,Libro edito,,"Balsamo, Vincenzo ",,,1975,Padova,Marsilio ,Giuridico,Venturati,Venturati,,
Ordine pubblico e sicurezza democratica,01.1.BALORD,Libro edito,,"Balzamo, Vincenzo",,,1976,Firenze,La Nuova Italia,"Politica,Amministrazione,Giuridico",Venturati,Venturati,,
Problemi di socialismo,01.1.BASPRO,Libro edito,,"Basso, Lelio",,,1972,Padova,Marsilio,"Politica,Socialismo",Venturati,Venturati,,
Un popolo in lotta,01.1.BATPOP,Libro edito,,"Battaglia, R.","Ramat, R.",,1961,Firenze,La Nuova Italia,Storia,Venturati,Venturati,,
Il Partito Socialista dalla Resistenza ad oggi,01.1.BENPAR,Libro edito,,"Benzoni, Alberto",,,1980,Padova,Marsilio,"Storia,Socialismo,Resistenza",Venturati,Venturati,,
La repressione sovietica in Ungheria,01.1.BERREP,Libro edito,,"Berke, A.A.",,,1957,Milano,Mondadori,"Politica,Esteri,Comunismo",Venturati,Venturati,,
Il comunismo europeo,01.1.BETCOM,Libro edito,,"Bettiza, Enzo",,,1978,Milano,Rizzoli,"Politica,Comunismo,Esteri",Venturati,Venturati,,
Lenin,01.1.BEYLEN,Libro edito,,"Bey, Essad",,,1938,Milano,Treves,"Biografico,Comunismo,Storia,Politica,Filosofia politica",Venturati,Venturati,,
Come andremo a incominciare,01.1.BIACOM,Libro edito,,"Biagi, Enzo ","Scalfari, Eugenio",,1981,Milano,Rizzoli,"Politica,Giornalismo",Venturati,Venturati,,
Carlone. Vita di un italiano,01.1.BIGCAR,Libro edito,,"Bigiaretti, Libero",,,1956,Milano-Roma,Edizioni Avanti!,Narrativa,Venturati,Venturati,,
Pertini racconta,01.1.BISPER,Libro edito,,"Bisiach, Gianni",,,1983,Milano,Mondadori,"Biografico,Socialismo",Venturati,Venturati,,
Dizionario di politica,01.1.BOBDIZ,Libro edito,,"Bobbio, Norberto","Matteucci, Nicola",,1976,Torino,UTET,Politica,Venturati,Venturati,,
Il marxismo e lo Stato,01.1.BOBMAR,Libro edito,,"Bobbio, Norberto",Alia,,1976,Roma,Mondoperaio,"Politica,Comunismo",Venturati,Venturati,,
Il marxismo e lo Stato,01.1.BOBMAR,Libro edito,,"Bobbio, Norberto",,,1976,Milano,Mondoperaio,"Politica,Comunismo",Venturati,Venturati,,
L'Italia è Malata,01.1.BOCLIT,Libro edito,,"Bocca, Giorgio",,,1977,Roma,L'Espresso,"Inchiesta,Politica",Venturati,Venturati,,
Miracolo all'italiana,01.1.BOCMIR,Libro edito,,"Bocca, Giorgio",,,1962,Milano,Edizioni Avanti!,"Inchiesta,Politica,Storia",Venturati,Venturati,,
Mussolini socialfascista,01.1.BOCMUS,Libro edito,,"Bocca, Giorgio",,,1983,Milano,Garzanti,"Storia,Fascismo",Venturati,Venturati,,
Palmiro Togliatti,01.1.BOCPAL,Libro edito,,"Bocca, Giorgio",,,1973,Roma-Bari,Laterza,"Biografico,Storia,Comunismo",Venturati,Venturati,,
Storia della Repubblica Italiana,01.1.BOCSTO,Libro edito,,"Bocca, Giorgio",,,1982,Milano,Rizzoli,Storia,Venturati,Venturati,,
Il terrorismo italiano 1970-1978,01.1.BOCTER,Libro edito,,"Bocca, Giorgio",,,1978,Milano,Rizzoli,"Inchiesta,Terrorismo",Venturati,Venturati,,
Storia delle dottrine politiche. L'assolutismo europeo,01.1.BOISTO.1,Libro edito,1,"Boiardi, Franco",,,1979,Milano,Nuova CEI,"Politica,Filosofia politica",Venturati,Venturati,,
Storia delle dottrine politiche. Rivoluzione e restauro 1781-1820,01.1.BOISTO.2,Libro edito,2,"Boiardi, Franco",,,1979,Milano,Nuova CEI,"Politica,Filosofia politica",Venturati,Venturati,,
Storia delle dottrine politiche. L'età liberale 1821-1871,01.1.BOISTO.3,Libro edito,3,"Boiardi, Franco",,,1979,Milano,Nuova CEI,"Politica,Filosofia politica",Venturati,Venturati,,
Storia delle dottrine politiche. L'età contemporanea 1872-1945,01.1.BOISTO.4,Libro edito,4,"Boiardi, Franco",,,1980,Milano,Nuova CEI,"Politica,Filosofia politica",Venturati,Venturati,,
Storia delle dottrine politiche. Colonialismo e imperialismo 1575-1945,01.1.BOISTO.5,Libro edito,5,"Boiardi, Franco",,,1982,Milano,Nuova CEI,"Politica,Filosofia politica",Venturati,Venturati,,
Le battaglie politico-ideologiche,01.1.BONBAT,Libro edito,,"Bonetti, Paolo",,,1978,Milano,Il Mondo,Politica,Venturati,Venturati,,
Le battaglie economiche,01.1.BONBAT,Libro edito,,"Bonetti, Paolo",,,1978,Milano,Il Mondo,"Economia,Politica",Venturati,Venturati,,
La cancrena,01.1.BOUCAN,Libro edito,,"Boumaza, Bechir","Francis, Mustapha",,1959,Torimo,Einaudi,"Inchiesta,Esteri",Venturati,Venturati,,
Marx e Engels,01.1.BRAMAR,Libro edito,,"Bravo, Gian Maria",,,1962,Milano,Edizioni Avanti!,"Politica,Filosofia politica,Socialismo,Comunismo",Venturati,Venturati,,
La politica di un socialista,01.1.BRAPOL,Libro edito,,"Brandt, Willy",,,1979,Milano,Garzanti,"Biografico,Socialismo",Venturati,Venturati,,
Marx a Londra. La vita quotidiana negli anni dell'esilio,01.1.BRIMAR,Libro edito,,"Briggs, Asa",,,1982,Roma,Rinascita,"Biografico,Filosofia politica,Comunismo,Socialismo",Venturati,Venturati,,
La programmazione in Italia,01.1.BRIPRO,Libro edito,,"Brigida, Franco",,,1968,Padova,Marsilio,"Inchiesta,Amministrazione,Politica",Venturati,Venturati,,
Socialismo libertario,01.1.CAFSOC,Libro edito,,"Caffi, Andrea",,,1964,Milano,Azione Comune,"Politica,Socialismo",Venturati,Venturati,,
Calamandrei,01.1.CALCAL.1,Libro edito,1,"Calamandrei, Piero","Enriques Agnoletti, Enzo",,1958,Firenze,La Nuova Italia,"Biografico,Politica",Venturati,Venturati,,
La casa di campagna,01.1.CALCAS,Libro edito,,"Calamandrei, Piero",,,1965,Firenze,La Nuova Italia,Biografico,Venturati,Venturati,,
La Costituzione Italiana,01.1.CALCOS,Libro edito,,"Calamandrei, Piero",,,1956,Milano-Roma,Edizioni Avanti!,Giuridico,Venturati,Venturati,,
Lettere 1915-1956 ,01.1.CALLET,Libro edito,,"Calamandrei, Piero",,,1968,Firenze,La nuova Italia,"Resistenza,Politica",Venturati,Venturati,,
I nodi della pace,01.1.CALNOD,Libro edito,,"Calchi-Novati, Gianpaolo",,,1968,Padova,Marsilio,"Politica,Esteri",Venturati,Venturati,,
Atti della Costituente sull'Art. 7,01.1.CAPATT,Libro edito,,"Capitini, Aldo","Lacaita, Piero",,1959,Perugia,Lacaita,Giuridico,Venturati,Venturati,,
La libertà religiosa in Italia,01.1.CAPLIB,Libro edito,,"Capitini, Aldo","Magni, Cesare","Borghi, Lamberto",1956,Firenze,La Nuova Italia,"Politica,Religione",Venturati,Venturati,,
Lo sviluppo italiano nel Dopoguerra,01.1.CAPSVI,Libro edito,,"Caperdoni, Enrico",,,1968,Padova,Marsilio,"Storia,Economia",Venturati,Venturati,,
Giolitti e l'età giolittiana,01.1.CARGIO,Libro edito,,"Carocci, Giampiero",,,1961,Torino,Einaudi,Storia,Venturati,Venturati,,
Il sole sorge a ponente,01.1.CARSOL,Libro edito,,"Carini, Lisli",,,1959,Milano,Edizioni Avanti!,"Politica,Esteri,Comunismo",Venturati,Venturati,,
Spesa pubblica e iniziativa imprenditoriale,01.1.CARSPE,Libro edito,,"Carabba, Manin",,,1966,Torino,Einaudi,"Economia,Amministrazione",Venturati,Venturati,,
Storia della resistenza,01.1.CARSTO,Libro edito,,"Carli-Bellola, Renato",,,1957,Milano-Roma,Edizioni Avanti!,"Storia,Resistenza",Venturati,Venturati,,
Bruno Buozzi,01.1.CASBRU,Libro edito,,"Castagno, Gino",,,1955,Milano-Roma,Edizioni Avanti!,"Biografico,Socialismo,Resistenza",Venturati,Venturati,,
Filippo Turati,01.1.CATFIL,Libro edito,,"Catalano, Franco",,,1957,Milano-Roma,Edizioni Avnati!,"Biografico,Socialismo",Venturati,Venturati,,
La Russia contro Kruscev,01.1.CAVRUS,Libro edito,,"Cavallari, Alberto",,,1964,Firenze,Vallecchi,"Politica,Esteri,Comunismo",Venturati,Venturati,,
Trattato che istituisce la Comunità Europea,01.1.CEETRA,Libro edito,,CEE,,,1957,Bruxelles,Segretariato del Comitato Centrale per il Mercato Comune e l'Euroatom,"Giuridico,Esteri",Venturati,Venturati,,
Crisi economica e condizionamenti internazionali dell'Italia,01.1.CENCRI.1,Libro edito,1,Centro Studi di Politica Economica,,,1976,Roma,Editori Riuniti,"Economia,Esteri",Venturati,Venturati,,
Crisi economica e condizionamenti internazionali dell'Italia,01.1.CENCRI.2,Libro edito,2,Centro Studi di Politica Economica,,,1976,Roma,Editori Riuniti,"Esteri,Economia",Venturati,Venturati,,
L'Italia contemporanea (1918-1948),01.1.CHALIT,Libro edito,,"Chabod, Federico",,,1961,Torino,Einaudi,"Storia,Fascismo,Resistenza",Venturati,Venturati,,
Perché il Vietnam esiste,01.1.CHEPER,Libro edito,,"Chesneaux, Jean",,,1968,Torino,Einaudi,"Storia,Esteri",Venturati,Venturati,,
Il sistema societico tra Stalin e Breznev,01.1.COESIS,Libro edito,,"Coen, Federico",,,1974,Roma,Mondoperaio,"Inchiesta,Comunismo,Esteri,Politica",Venturati,Venturati,,
Il sistema sovietico fra Stalin e Breznev,01.1.COESIS,Libro edito,,"Coen, Federico",,,1974,Roma,Mondoperaio,"Politica,Comunismo,Esteri,Inchiesta",Venturati,Venturati,,
La Cina rivoluzionaria,01.1.COLCIN,Libro edito,,"Collotti Pischel, Enrica",,,1965,Torino,Einaudi,"Politica,Comunismo,Esteri",Venturati,Venturati,,
Classe operaia e ceti medi,01.1.COLCLA,Libro edito,,"Colarizi, Simona",,,1976,Padova,Marsilio,"Storia,Socialismo,Economia,Comunismo",Venturati,Venturati,,
Classe operaia e ceti medi,01.1.COLCLA,Libro edito,,"Colarizi, Simona",,,1980,Padova,Marsilio,"Storia,Socialismo,Economia,Comunismo",Venturati,Venturati,,
Le origini ideologiche della rivoluzione cinese,01.1.COLORI,Libro edito,,"Collotti Pischel, Enrica",,,1958,Torino,Einaudi,"Politica,Comunismo,Esteri",Venturati,Venturati,,
La costituzione del partito socialista italiano,01.1.CORCOS,Libro edito,,"Corte, Luigi",,,1961,Milano,Edizioni Avanti!,"Storia,Socialismo",Venturati,Venturati,,
I Mille giorni di Allende. L'azione del Governo di Unidad Popular in 125 documenti,01.1.CORMIL,Libro edito,,"Corossacz, Anna",,,1975,Roma,Mondoperaio,"Politica,Socialismo",Venturati,Venturati,,
La verità sul 9 settembre,01.1.CORVER,Libro edito,,"Corona, Achille",,,s.d.,Roma-Milano,Edizioni Avanti!,"Inchiesta,Fascismo,Resistenza",Venturati,Venturati,,
I socialisti e il caso Moro,01.1.COVSOC,Libro edito,,"Covatta, Luigi","Baget Bozzo, Gianni","Vassalli, Giuliano",1983,Roma,Il compagno,"Politica,Socialismo,Inchiesta",Venturati,Venturati,,
Cento anni dopo,01.1.CRACEN,Libro edito,,"Craxi, Bettino",,,1982,Milano,Biblioteca Rossa,"Politica,Socialismo",Venturati,Venturati,,
Pace sicurezza indipendenza,01.1.CRAPAC,Libro edito,,"Craxi, Bettino",,,1981,Roma,Il compagno,"Politica,Socialismo",Venturati,Venturati,,
Un passo avanti,01.1.CRAPAS,Libro edito,,"Craxi, Bettino",,,1981,Roma,Sugarco,"Politica,Socialismo",Venturati,Venturati,,
Pluralismo o lenininsmo,01.1.CRAPLU,Libro edito,,"Craxi, Bettino",,,1978,Milano,Sugarco,"Politica,Socialismo,Comunismo",Venturati,Venturati,,
Prove,01.1.CRAPRO,Libro edito,,"Craxi, Bettino",,,1980,Roma,Sugarco,"Politica,Socialismo",Venturati,Venturati,,
Obsolescenza delle ideologie,01.1.DAGOBS,Libro edito,,"Dagnino, Virgilio",,,1967,Milano,Azione Comune,Politica,Venturati,Venturati,,
Il mestiere di morire,01.1.DAPMES,Libro edito,,"Da Pozzo, Gusti",,,1962,Milano,Edizioni Avanti!,Politica,Venturati,Venturati,,
Scienza e tecnologia in Italia,01.1.DEFSCI,Libro edito,,"De Falco, Antonio",,,1968,Padova,Marsilio,Inchiesta,Venturati,Venturati,,
Le istituzioni fra crisi e rinnovamento,01.1.DELIST,Libro edito,,"Del Pennino, Antonio",,,1983,Milano,PRI,Elettorale,Venturati,Venturati,,
"Sanità pubblica, sicurezza sociale e programmazione economica",01.1.DELSAN,Libro edito,,"Delogu, Severino",,,1967,Torino,Einaudi,"Economia,Amministrazione",Venturati,Venturati,,
Civiltà cattolica 1850-1945,01.1.DERCIV.1,Libro edito,1,"De Rosa, Gabriele",,,1971,Firenze,Landi,"Storia,Chiesa",Venturati,Venturati,,
Civiltà cattolica 1850-1945,01.1.DERCIV.2,Libro edito,2,"De Rosa, Gabriele",,,1971,Firenze,Landi,"Storia,Chiesa",Venturati,Venturati,,
Civiltà cattolica 1850-1945,01.1.DERCIV.3,Libro edito,3,"De Rosa, Gabriele",,,1971,Firenze,Landi,"Storia,Chiesa",Venturati,Venturati,,
Civiltà cattolica 1850-1945,01.1.DERCIV.4,Libro edito,4,"De Rosa, Gabriele",,,1971,Firenze,Landi,"Storia,Chiesa",Venturati,Venturati,,
Il socialismo oggi e domani,01.1.DERSOC,Libro edito,,"D’eramo, Marco",,,1976,Cosenza,Edistampa - Edizioni Lerici,"Politica,Socialismo",Venturati,Venturati,,
Uomini e dio,01.1.DERUOM,Libro edito,,"Der Meer, Van",,,1955,Alba,Edizioni Paoline,"Filosofia,Chiesa",Venturati,Venturati,,
5 lezioni di Francesco De Sanctis su Mazzini,01.1.DES5LE,Libro edito,,"De Sanctis, Francesco",,,1972,Roma,Orlando,Storia,Venturati,Venturati,,
La grande contesa,01.1.DEUGRA,Libro edito,,"Deutscher, Isaac",,,1960,Torino,Einaudi,Politica,Venturati,Venturati,,
I socialisti e la sfida tecnologica in Italia e in europa,01.1.DIDSOC.4,Libro edito,4,"Didò, Mario","Manca, Enrico","Forte, Francesco",1984,Roma,Il compagno,"Politica,Socialismo",Venturati,Venturati,,
Una nuova politica per il 1970,01.1.DIMNUO,Libro edito,,"Di Martino, Francesco",,,1969,Milano,Avanti!,"Politica,Socialismo",Venturati,Venturati,,
Una politica per la piena occupazione,01.1.DOLPOL,Libro edito,,"Dolci, Danilo",,,1958,Torino,Einaudi,"Politica,Amministrazione,Economia",Venturati,Venturati,,
"Dittatura, classe politica e classe dirigente",01.1.DORDIT,Libro edito,,"Dorso, Guido",,,1955,Torino,Einaudi,Politica,Venturati,Venturati,,
L'occasione storica,01.1.DORLOC,Libro edito,,"Dorso, Guido",,,1949,Torino,Einaudi,Politica,Venturati,Venturati,,
La rivoluzione meridionale,01.1.DORRIV,Libro edito,,"Dorso, Guido",,,1955,Torino,Einaudi,Politica,Venturati,Venturati,,
Memorie partigiane,01.1.DUNMEM,Libro edito,,"Dunchi, Nardo",,,1957,Firenze,La Nuova Italia,"Biografico,Resistenza",Venturati,Venturati,,
Lo scrittoio del Presidente 1948-1955,01.1.EINSCR,Libro edito,,"Einaudi, Luigi",,,1956,Torino,Einaudi,Politica,Venturati,Venturati,,
Marx come pensatore e come uomo,01.1.ENGMAR,Libro edito,,Engels,Lafargue,Liebnecht,1945,Roma,L'Unità,"Biografico,Filosofia politica,Comunismo,Socialismo",Venturati,Venturati,,
Gli Ideali del Risorgimento e dell'Unità,01.1.ENTIDE,Libro edito,,Ente Nazionale Biblioteche Popolari e Scolastiche,,,1961,Roma,Ente Nazionale Biblioteche Popolari e Scolastiche,Storia,Venturati,Venturati,,
Comunismo e Cattolicesimo in una parrocchia di campagna,01.1.FAECOM,Libro edito,,"Faenza, Liliano",,,1959,Milano,Feltrinelli,"Politica,Comunismo,Chiesa",Venturati,Venturati,,
La Chiesa e le organizzazioni cattoliche in Italia 1945-1955,01.1.FALCHI,Libro edito,,"Falconi, Carlo",,,1956,Torino,Einaudi,"Inchiesta,Chiesa",Venturati,Venturati,,
L'altro polo della sinistra,01.1.FEDLAL,Libro edito,,"Federighi, Tiziano",,,1973,Roma,Bulzoni,Politica,Venturati,Venturati,,
Crisi italiana e fatti polacchi,01.1.FINCRI,Libro edito,,"Finetti, Ugo",,,1982,,Biblioteca Rossa,"Politica,Esteri",Venturati,Venturati,,
Quaderni rossi. Lotte operaie nello sviluppo capitalistico,01.1.FOAQUA.1,Libro edito,1,"Foa, Vittorio",,,1961,Milano,Edizioni Avanti!,"Politica,Comunismo,Operaismo",Venturati,Venturati,,
Idee sociali e organizzazione operaia nella prima metà dell'800,01.1.FRAIDE,Libro edito,,"Francovich, Carlo",,,1959,Milano-Roma,Edizioni Avanti!,"Storia,Operaismo",Venturati,Venturati,,
La resistenza a Firenze,01.1.FRARES,Libro edito,,"Francovich, Carlo",,,1961,Firenze,La Nuova Italia,"Storia,Resistenza",Venturati,Venturati,,
Il risorgimento arabo ,01.1.FRARIS,Libro edito,,Francesco Gabrieli,,,1958,Torino,Einaudi,"Storia,Esteri",Venturati,Venturati,,
Problemi umani del macchinismo industriale,01.1.FRIPRO,Libro edito,,"Friedmann, Georges",,,1971,Torino,Einaudi,"Politica,Economia",Venturati,Venturati,,
Lo stato e il risparmio privato,01.1.FUÀSTA,Libro edito,,"Fuà, Giorgio",,,1961,Torino,Einaudi,"Economia,Amministrazione",Venturati,Venturati,,
Manuale di Preistoria,01.1.FURMAN,Libro edito,,"Furon, Raymond",,,1961,Torino,Einaudi,"Educazione,Storia",Venturati,Venturati,,
Fiori rossi al Martinetto. Il processo di Torino aprile 1944,01.1.FUSFIO,Libro edito,,"Fusi, Valdo",,,1968,Milano,Mursia,"Storia,Resistenza",Venturati,Venturati,,
Puritanesimo e libertà,01.1.GABPUR,Libro edito,,"Gabrieli, Vittorio",,,1956,Torino,Einaudi,Politica,Venturati,Venturati,,
Socialismo e nazionalizzazione,01.1.GAISOC,Libro edito,,"Gaitskell, Hugh",,,1959,Roma,Opere Nuove,"Politica,Socialismo,Amministrazione",Venturati,Venturati,,
Benedetto Bettino,01.1.GALBEN,Libro edito,,"Galli, Gancarlo",,,1982,Milano,Bompiani,"Politica,Socialismo",Venturati,Venturati,,
Caravan,01.1.GALCAR,Libro edito,,"Galsworthy, John",,,s.d.,Milano,Club degli Editori,Narrativa,Venturati,Venturati,,
Dal bipartitismo imperfetto alla possibile alternativa,01.1.GALDAL,Libro edito,,"Galli, Giorgio",,,1975,Bologna,Il Mulino,Politica,Venturati,Venturati,,
Il nuovo stato industriale,01.1.GALNUO,Libro edito,,"Galbraith, John K.",,,1968,Torino,Einaudi,Economia,Venturati,Venturati,,
Opinioni sul PCI,01.1.GALOPI,Libro edito,,"Galli, Giorgio",,,1977,Roma,L'Espresso,"Politica,Comunismo",Venturati,Venturati,,
Cittadini Sì e No,01.1.GARCIT,Libro edito,,"Garofalo, Anna",,,1956,Torino,De Silva,Inchiesta,Venturati,Venturati,,
Cooperazione nel Mediterraneo occidentale,01.1.GASCOO,Libro edito,,"Gasteyger, Curt","Lamanna, Agostino","Aliboni, Roberto",1972,Bologna,Il Mulino,"Politica,Esteri",Venturati,Venturati,,
Una lettera al Re,01.1.GAVLET,Libro edito,,"Gavagnin, Armando",,,1960,Milano,Edizioni Avanti!,Biografico,Venturati,Venturati,,
Galileo Galilei,01.1.GEYGAL,Libro edito,,"Geymonat, Ludovico",,,1957,Torino,Einaudi,Biografico,Venturati,Venturati,,
L’effetto Craxi,01.1.GHILEF,Libro edito,,"Ghirelli, Antonio",,,1982,Milano,Rizzoli,"Politica,Socialismo",Venturati,Venturati,,
Conversazione con Stalin,01.1.GILCON,Libro edito,,"Gilas, Milovan",,,1962,Milano,Feltrinelli,"Politica,Comunismo",Venturati,Venturati,,
Il lavoro umano,01.1.GIOLAV,Libro edito,,Giovanni Paolo II,,,1981,Roma,Logos,Politica,Venturati,Venturati,,
Cronache sociali 1947-1951,01.1.GLICRO.1,Libro edito,1,"Glisenti, Marcella","Elia, Leopoldo",,1961,Firenze,Landi,"Politica,Storia",Venturati,Venturati,,
Cronache sociali 1947-1951,01.1.GLICRO.2,Libro edito,2,"Glisenti, Marcella","Elia, Leopoldo",,1961,Firenze,Landi,"Politica,Storia",Venturati,Venturati,,
La politica esterna italiana nel dopoguerra,01.1.GRAPOL,Libro edito,,"Graziano, Luigi",,,1968,Padova,Marsilio,"Politica,Esteri",Venturati,Venturati,,
Patrizio Peci. Io infame,01.1.GUEPAT,Libro edito,,"Guerri, Giordano Bruno",,,1983,Milano,Mondadori,"Biografico,Comunismo,Terrorismo",Venturati,Venturati,,
Dialettica senza dogma,01.1.HAVDIA,Libro edito,,"Havemann, Robert",,,1965,Torino,Einaudi,Filosofia,Venturati,Venturati,,
Albert Einstein,01.1.INFALB,Libro edito,,"Infeld, Leopold",,,1963,Torino,Einaudi,Biografico,Venturati,Venturati,,
Canta il gallo,01.1.JACCAN,Libro edito,,"Jacopini, Renato",,,1960,Milano-Roma,Edizioni Avanti!,Biografico,Venturati,Venturati,,
Mia madre,01.1.JACMIA,Libro edito,,"Jacometti, Alberto",,,1960,MIlano ,Edizioni Avanti!,Biografico,Venturati,Venturati,,
Chiesa e Stato in Italia negli ultimi cento anni,01.1.JEMCHI,Libro edito,,"Jemolo, Arturo Carlo",,,1956,Torino ,Einaudi ,"Storia,Chiesa",Venturati,Venturati,,
I partiti politici,01.1.JOCPAR,Libro edito,,"Jocteau, Gian Carlo",,,1974,Torino,UTET,Storia,Venturati,Venturati,,
"La Russia, l'atomo e l'Occidente",01.1.KENRUS,Libro edito,,"Kennan, George F.",,,1958,Torino,Einaudi,"Politica,Esteri",Venturati,Venturati,,
Vogliamo un mondo più nuovo,01.1.KENVOG,Libro edito,,"Kennedy, R. J.",,,1968,Milano,Garzanti,"Politica,Esteri",Venturati,Venturati,,
L'opposizione operaia in Russia,01.1.KOLLOP,Libro edito,,"Kollontai, Alessandra",,,1962,Milano,Azione Comune,"Politica,Operaismo,Comunismo",Venturati,Venturati,,
Ricchezza e potere in America,01.1.KOLRIC,Libro edito,,"Kolko, Gabriel",,,1964,Torino,Einaudi,"Economia,Esteri",Venturati,Venturati,,
Memorie di un rivoluzionario,01.1.KROMEM,Libro edito,,"Kropotkin, P.A.",,,1968,Roma,Editori Riuniti,"Politica,Comunismo",Venturati,Venturati,,
Dedicato a te cara,01.1.KVLDED,Libro edito,,"Kvlividze, Mikail",,,1961,Milano,Edizioni Avanti!,Poesia,Venturati,Venturati,,
La concezione materialistica della storia,01.1.LABCON,Libro edito,,"Labriola, Antonio",,,1965,Bari,Laterza,Filosofia,Venturati,Venturati,,
In memoria del Manifesto del Partito Comunista,01.1.LABINM,Libro edito,,"Labriola, Antonio",,,1960,Milano,Edizioni Avanti!,"Politica,Comunismo",Venturati,Venturati,,
Lettere a Engels,01.1.LABLET,Libro edito,,"Labriola, Antonio",,,1949,Roma,Edizioni Rinascita,Filosofia,Venturati,Venturati,,
Saggio sul materialismo storico,01.1.LABSAG,Libro edito,,"Labriola, Antonio",,,1964,Roma,Editori Riuniti,Filosofia,Venturati,Venturati,,
Finestre aperte a Botteghe Oscure,01.1.LAJFIN,Libro edito,,"Lajolo, Davide",,,1975,Milano,Rizzoli,"Politica,Comunismo",Venturati,Venturati,,
Il Complesso di Nerone,01.1.LEDCOM,Libro edito,,"Ledeen, Michael A.",,,1978,Milano,Editoriale Nuova,Storia,Venturati,Venturati,,
Napoleone,01.1.LEFNAP,Libro edito,,"Lefebvre, Georges",,,1960,Bari,Laterza,"Biografico,Storia",Venturati,Venturati,,
La rivoluzione d'ottobre,01.1.LENRIV,Libro edito,,Lenin,,,1956,Roma,Edizioni Rinascita,"Politica,Comunismo",Venturati,Venturati,,
Democrazia di piano,01.1.LEODEM,Libro edito,,"Leonardi, Silvio",,,1966,Torino,Einaudi,"Economia,Comunismo",Venturati,Venturati,,
Teoria e prassi dell'austromarxismo,01.1.LESTEO,Libro edito,,"Leser, Norbert",,,1979,Milano,Edizioni Avanti!,"Politica,Comunismo",Venturati,Venturati,,
Ricordi dei fratelli Rosselli,01.1.LEVRIC,Libro edito,,"Levi, Alessandro",,,1947,Firenze,La Nuova Italia,"Biografico,Resistenza",Venturati,Venturati,,
Dizionario dei fatti italiani 1861-2016,01.1.LIBDIZ,Libro edito,,"Liberali, Sandro",,,2016,Milano,ITrePonti,Storia,Venturati,Venturati,,
Lettere 1915-1918,01.1.LIELET,Libro edito,,"Liebknecht, Karl","Luxemburg, Rosa",,1967,Roma,Editori Riuniti,"Politica,Socialismo",Venturati,Venturati,,
Competere per coesistere,01.1.LIPCOM,Libro edito,,"Lippman, Walter",,,1959,Torino,Einaudi,"Politica,Economia",Venturati,Venturati,,
Gli scopi di guerra degli Stati Uniti,01.1.LIPSCO,Libro edito,,"Lippmann, Walter",,,1946,Torino,Einaudi,"Politica,Esteri",Venturati,Venturati,,
Inchiesta sulla gioventù sovietica,01.1.LIVINC,Libro edito,,"Livi, Augusto",,,1961,Torino,Einaudi,"Inchiesta,Comunismo,Esteri",Venturati,Venturati,,
Il regno di Badoglio,01.1.LIZREG,Libro edito,,"Lizzadri, Oreste",,,1963,Milano,Edizioni Avanti!,Storia,Venturati,Venturati,,
Il paese sbagliato,01.1.LODPAE,Libro edito,,"Lodi, Mario",,,1970,Torino,Einaudi,Inchiesta,Venturati,Venturati,,
I quaderni di Piadena,01.1.LODQUA,Libro edito,,"Lodi, Mario","Morandi, Giuseppe",,1962,Milano,Edizioni Avanti!,Storia,Venturati,Venturati,,
L'alternativa socialista,01.1.LOMLAL,Libro edito,,"Lombardi, Riccardo",,,1976,Cosenza,Lerici,"Politica,Socialismo",Venturati,Venturati,,
Scritti politici 1945-1963,01.1.LOMSCR,Libro edito,,"Lombardi, Riccardo",,,1978,Padova,Marsilio,"Politica,Socialismo",Venturati,Venturati,,
I centri dirigenti del PCI nella Resistenza,01.1.LONCEN,Libro edito,,"Longo, Luigi",,,1977,Roma,Editori Riuniti,"Storia,Comunismo",Venturati,Venturati,,
Breve storia della letteratura tedesca,01.1.LUKBRE,Libro edito,,"Lukacs, Gyorgy",,,1956,Torino,Einaudi,"Storia,Letteratura",Venturati,Venturati,,
Donne come te,01.1.LUSDON,Libro edito,,"Lussu, Joyce",,,1957,Milano-Roma,Edizioni Avanti!,Politica,Venturati,Venturati,,
Breve storia economica dell'Italia medievale,01.1.LUZBRE,Libro edito,,"Luzzato, Gino",,,1965,Torino,Einaudi,"Storia,Economia",Venturati,Venturati,,
La pelle,01.1.MALPEL,Libro edito,,"Malaparte, Curzio",,,1949,Roma-Milano,Aria d'Italia,Narrativa,Venturati,Venturati,,
Riformisti e rivoluzionari,01.1.MAMRIF,Libro edito,,"Mammarella, Giuseppe",,,1980,Padova,Marsilio,Storia,Venturati,Venturati,,
Alternativa compromesso socialismo,01.1.MANALT,Libro edito,,"Mancini, Giacomo",,,1977,Cosenza,Lerici,"Politica,Socialismo",Venturati,Venturati,,
Il mondo in mano,01.1.MANMON,Libro edito,,"Mannocchia, Franco",,,1973,Milano,Corriere dei ragazzi,Educazione,Venturati,Venturati,,
La concezione materialistica della storia,01.1.MARCON,Libro edito,,"Marx, Karl","Engels, Friedrich",,1959,Roma,Editori Riuniti,Filosofia,Venturati,Venturati,,
"La Conferedazione Generale del Lavoro. Negli atti, nei documenti, nei congressi 1906-1926",01.1.MARCON,Libro edito,,"Marchetti, Luciana",,,1962,Milano,Edizioni Avanti!,"Politica,Operaismo",Venturati,Venturati,,
La conquista dei poteri,01.1.MARCON,Libro edito,,"Martinet, Gilles",,,1976,Padova,Marsilio,Politica,Venturati,Venturati,,
Eros e civiltà,01.1.MARERO,Libro edito,,"Marcuse, Herbert",,,1964,Torino,Einaudi,Filosofia,Venturati,Venturati,,
I giorni sono lunghi,01.1.MARGIO,Libro edito,,"Martini, Quinto",,,1957,Milano-Roma,Edizioni Avnati!,Narrativa,Venturati,Venturati,,
Guerra popolare e rivoluzione in Jugoslavia,01.1.MARGUE,Libro edito,,"Marjanovic, Jovan",,,1962,Milano,Edizioni Avanti!,"Storia,Esteri",Venturati,Venturati,,
L'africa e la comunità economica europea,01.1.MARLAF,Libro edito,,Mario Andreis,,,1967,Torino,Einaudi,"Economia,Esteri",Venturati,Venturati,,
Lavoro salariato e capitale,01.1.MARLAV,Libro edito,,"Marx, Karl",,,1945,Roma,L'Unità,"Politica,Filosofia politica",Venturati,Venturati,,
L'uomo a una dimensione,01.1.MARLUO,Libro edito,,"Marcuse, Herbert",,,1968,Torino,Einaudi,Filosofia,Venturati,Venturati,,
Socialismo,01.1.MARSOC,Libro edito,,"Marchetti, Mario",,,s.d.,Roma-Milano,Edizioni Avanti!,"Politica,Socialismo",Venturati,Venturati,,
Storia delle dottrine economiche. David Ricardo,01.1.MARSTO.2,Libro edito,2,"Marx, Karl",,,1955,Torino,Einaudi,"Politica,Economia,Storia",Venturati,Venturati,,
Discorsi politici celebri,01.1.MASDIS,Libro edito,,"Masera, Carlo",,,1960,Milano,Nuova Accademia,"Politica,Storia",Venturati,Venturati,,
Gli internazionalisti. La Banda del Matese (1876-1878),01.1.MASINT,Libro edito,,"Masini, Pier Carlo",,,1958,Milano-Roma,Edizioni Avanti!,Storia,Venturati,Venturati,,
Storia degli anarchici italiani da Bakunin a Malatesta,01.1.MASSTO,Libro edito,,"Masini, Pier Carlo",,,1969,Milano,Rizzoli,"Storia,Anarchismo",Venturati,Venturati,,
Contro il fascismo,01.1.MATCON,Libro edito,,"Matteotti, Giacomo",,,1954,Milano-Roma,Edizioni Avanti!,"Politica,Fascismo",Venturati,Venturati,,
Il Cittadino Scalfari,01.1.MAUCIT,Libro edito,,"Mauri, Claudio",,,1983,Milano,Sugarco Edizioni,"Biografico,Giornalismo",Venturati,Venturati,,
Vita di Marx,01.1.MEHVIT,Libro edito,,"Mehring, Franz",,,1972,Roma,Editori Riuniti,"Biografico,Filosofia",Venturati,Venturati,,
La partigiana nuda,01.1.MENPAR,Libro edito,,"Meneghetti, Egidio",,,1958,Milano-Roma,Edizioni Avanti!,"Poesia,Resistenza",Venturati,Venturati,,
Preparare l'avvenire,01.1.MENPRE,Libro edito,,"Mendès France, Pierre",,,1968,Milano,Etas Kompass,Politica,Venturati,Venturati,,
La repubblica moderna,01.1.MENREP,Libro edito,,"Mendés France, Pierre",,,1963,Torino,Einaudi,Politica,Venturati,Venturati,,
"Uomini, aminali e ancora uomini",01.1.MENUOM,Libro edito,,"Meneghetti, Egidio",,,1961,Milano,Edizioni Avanti!,Filosofia,Venturati,Venturati,,
Lettere dalle case chiuse,01.1.MERLET,Libro edito,,"Merlin, Lina","Barberis, Carla",,1955,Milano-Roma,Edizioni Avanti!,Politica,Venturati,Venturati,,
La clericalizzazione dello Stato,01.1.MEZCLE,Libro edito,,"Mezza, Maria Vittoria",,,1958,Milano-Roma,Edizioni Avanti!,"Politica,Chiesa,Inchiesta",Venturati,Venturati,,
La disputa sui partiti,01.1.MICDIS,Libro edito,,Michele Sernini,,,1968,Padova ,Marsilio,Politica,Venturati,Venturati,,
"Sindacati, progresso tecnico, programmazione economica",01.1.MOMSIN,Libro edito,,"Momigliano, Franco",,,1966,Torino,Einuadi,Economia,Venturati,Venturati,,
Jugoslavia oggi,01.1.MONJUG,Libro edito,,Mondoperaio,,,1965,Milano,Mondoperaio,"Politica,Esteri",Venturati,Venturati,,
Studi sulla rivoluzione russa,01.1.MONSTU,Libro edito,,"Mondolfo, Rodolfo",,,1968,Napoli,Morano,"Storia,Esteri,Comunismo",Venturati,Venturati,,
Comunità e società industriale,01.1.MORCOM,Libro edito,,"Morandi, Franco",,,1964,Milano,Comunità nuova,Politica,Venturati,Venturati,,
Democrazia diretta e ricostruzione capitalistica,01.1.MORDEM,Libro edito,,"Morandi, Rodolfo",,,1960,Torino,Einaudi,"Politica,Economia",Venturati,Venturati,,
Lettere al fratello,01.1.MORLET,Libro edito,,"Morandi, Rodolfo",,,1959,Torino,Einaudi,Politica,Venturati,Venturati,,
Lotta di popolo,01.1.MORLOT,Libro edito,,"Morandi, Rodolfo",,,1958,Torino,Einaudi,Politica,Venturati,Venturati,,
Il partito e la classe,01.1.MORPAR,Libro edito,,"Morandi, Rodolfo",,,1961,Torino,Einaudi,Politica,Venturati,Venturati,,
Storia della grande industria in Italia,01.1.MORSTO,Libro edito,,"Morandi, Rodolfo",,,1959,Torino,Einaudi,Storia,Venturati,Venturati,,
Una regione per programma,01.1.MUSREG,Libro edito,,"Muscarà, Calogero",,,1968,Padova,Marsilio,"Politica,Amministrazione",Venturati,Venturati,,
Gli anni del centro sinistra,01.1.NENANN,Libro edito,,"Nenni, Pietro",,,1981,Milano,Sugarco,"Biografico,Socialismo",Venturati,Venturati,,
I conti con la storia. Diari 1967-1971,01.1.NENCON,Libro edito,,"Nenni, Pietro",,,1981,Milano,Sugarco,"Biografico,Socialismo",Venturati,Venturati,,
Garibaldi,01.1.NENGAR,Libro edito,,"Nenni, Pietro",,,1961,Milano,Edizione Avanti!,"Politica,Socialismo",Venturati,Venturati,,
Le prospettive del socialismo dopo la destalinizzazione,01.1.NENPRO,Libro edito,,"Nenni, Pietro",,,1962,Torino,Einaudi,"Politica,Socialismo",Venturati,Venturati,,
Spagna,01.1.NENSPA,Libro edito,,"Nenni, Pietro",,,1962,Milano,Edizioni Avanti!,"Politica,Socialismo",Venturati,Venturati,,
Spagna,01.1.NENSPA,Libro edito,,"Nenni, Pietro",,,1958,Milano,Edizioni Avanti!,"Politica,Socialismo",Venturati,Venturati,,
Tempo di guerra fredda. Diari 1943-1956,01.1.NENTEM,Libro edito,,"Nenni, Pietro",,,1981,Milano,Sugarco,"Biografico,Esteri,Socialismo,Comunismo",Venturati,Venturati,,
Il maggiore è un rosso,01.1.NITMAG,Libro edito,,"Nitti, Francesco Fausto",,,1955,Milano-Roma,Edizioni Avanti!,Storia,Venturati,Venturati,,
Il controllo delle nascite,01.1.OLICON,Libro edito,,"Olivetti, Vittoria",,,1957,Milano-Roma,Edizioni Avanti!,"Politica,Economia",Venturati,Venturati,,
L'occupazione del potere. I democristiani '45/'75,01.1.ORFLOC,Libro edito,,"Orfei, Ruggero",,,1976,Milano,Longanesi,"Inchiesta,Democrazia Cristiana",Venturati,Venturati,,
Critica liberale 1952-1966,01.1.ORSCRI.1,Libro edito,1,"Orsello, Gian Piero",,,1969,Firenze,Landi,"Politica,Liberalismo",Venturati,Venturati,,
Critica liberale 1952-1966,01.1.ORSCRI.2,Libro edito,2,"Orsello, Gian Piero",,,1969,Firenze,Landi,"Politica,Liberalismo",Venturati,Venturati,,
Memorie di un italiano terribile,01.1.ORSMEM,Libro edito,,"Orsini, Felice",,,1970,Milano,Club degli Editori,Biografico,Venturati,Venturati,,
Da Mindszenty a Grösz,01.1.OTTDAM,Libro edito,,Ottavio Pastore,,,1952,Roma,Macchia,"Storia,Esteri",Venturati,Venturati,,
Matteotti socialista,01.1.PAGMAT,Libro edito,,"Pagliuca, Anna",,,1965,Roma,Sezione Stampa e Propaganda della Direzione del PSI,"Biografico,Socialismo,Resistenza,Fascismo",Venturati,Venturati,,
Il ragazzo rosso,01.1.PAJRAG,Libro edito,,"Pajetta, Giancarlo",,,1983,Milano,Mondadori ,"Biografico,Comunismo",Venturati,Venturati,,
I precursori di Lenin,01.1.PALPRE,Libro edito,,"Paléologue, Maurizio",,,1947,Milano,Garzanti,"Politica,Comunismo",Venturati,Venturati,,
Mafia e politica. 1943-1962,01.1.PANMAF,Libro edito,,"Pantalone, Michele",,,1962,Torino,Einaudi,"Inchiesta,Storia",Venturati,Venturati,,
Ottobre addio,01.1.PANOTT,Libro edito,,"Pansa, Giampaolo",,,1982,Milano,Mondadori,Politica,Venturati,Venturati,,
Il Congresso dell'Unità Socialista. Parigi 19-20 luglio 1930,01.1.PARCON,Libro edito,,Partito Socialista Italiano,,,1966,Milano,Critica sociale,"Politica,Socialismo",Venturati,Venturati,,
Due mesi con i nazisti,01.1.PARDUE,Libro edito,,"Parri, Ferruccio",,,1973,Roma,Carecas,"Biografico,Fascismo,Resistenza",Venturati,Venturati,,
Il comunismo italiano nella seconda guerra mondiale,01.1.PCICOM,Libro edito,,PCI,,,1963,Roma,Editori Riuniti,"Storia,Comunismo",Venturati,Venturati,,
Il Partito Socialista Italiano nei suoi Congressi. Volume I: 1892-1902,01.1.PEDPAR.1,Libro edito,1,"Pedone, Franco",,,1959,Milano,Edizioni Avanti!,"Politica,Socialismo",Venturati,Venturati,,
Il Partito Socialista Italiano nei suoi Congressi. Volume II: 1902-1917,01.1.PEDPAR.2,Libro edito,2,"Pedone, Franco",,,1961,Milano,Edizioni Avanti!,"Politica,Socialismo",Venturati,Venturati,,
Il centauro comunista,01.1.PELCEN,Libro edito,,"Pellicani, Luciano",,,1976,Firenze,Vallecchi,"Politica,Comunismo",Venturati,Venturati,,
Gramsci e la questione comunista,01.1.PELGRA,Libro edito,,"Pellicani, Luciano",,,1976,Firenze,Vallecchi,"Politica,Comunismo,Storia,Filosofia politica",Venturati,Venturati,,
Conversazione con Umberto Terracini,01.1.PENCON,Libro edito,,"Pendinelli, Mario",,,1981,Milano,Rizzoli,"Politica,Comunismo",Venturati,Venturati,,
Il Cittadino. Testo e commento alla Costituzione Italiana,01.1.PESCIT,Libro edito,,"Pestalozza, Luigi",,,1958,Milano-Roma,Edizioni Avanti!,Giuridico,Venturati,Venturati,,
Il Cittadino,01.1.PESCIT,Libro edito,,"Pestalozza, Luigi",,,1957,Milano,Edizioni Avanti!,Politica,Venturati,Venturati,,
Il diritto di non tremolare,01.1.PESDIR,Libro edito,,"Pestalozza, Luigi",,,1956,Milano-Roma,Edizioni Avanti!,Politica,Venturati,Venturati,,
Sulla teoria economica del socialismo,01.1.PETSUL,Libro edito,,"Petriccione, Sandro",,,1963,Milano,Azione Comune,"Economia,Socialismo",Venturati,Venturati,,
Gelli. La carriera di un eroe di questa Italia,01.1.PIAGEL,Libro edito,,"Piazzesi, Gianfranco",,,1983,Milano,Garzanti,"Biografico,Inchiesta",Venturati,Venturati,,
L'Italia nella prima guerra mondiale,01.1.PIELIT,Libro edito,,"Pieri, Piero",,,1965,Torino,Einaudi,"Storia,Grande Guerra",Venturati,Venturati,,
Moro fu vera gloria?,01.1.PIEMOR,Libro edito,,"Pietra, Italo",,,1983,Milano,Garzanti,Inchiesta,Venturati,Venturati,,
Meglio rossi che morti?,01.1.PILMEG,Libro edito,,"Pillitteri, Paolo",,,1982,Milano,SugarCo Edizioni,Politica,Venturati,Venturati,,
Nero su bianco,01.1.PILNER,Libro edito,,"Pillitteti, Paolo",,,1981,Milano,SugarCo Edizioni,Biografico,Venturati,Venturati,,
Somalia '81. Intervista con Siad Barre,01.1.PILSOM,Libro edito,,"Pillitteri, Paolo",,,1981,Milano,Sugarco,"Giornalismo,Esteri",Venturati,Venturati,,
Il colpo di Stato del 25 luglio,01.1.PINCOL,Libro edito,,"Pintor, Giaime",,,1974,Torino,Einaudi,"Politica,Inchiesta,Storia,Fascismo",Venturati,Venturati,,
Cenno storico d'Italia,01.1.PISCEN,Libro edito,,"Pisacane, Carlo",,,1957,Milano-Roma,Edizioni Avanti!,Storia,Venturati,Venturati,,
Dell'arte bellica in Italia,01.1.PISDEL,Libro edito,,"Pisacane, Carlo",,,1957,Milano-Roma,Edizioni Avanti!,Storia,Venturati,Venturati,,
Guerra combattuta in Italia negli anni 1848-49,01.1.PISGUE,Libro edito,,"Pisacane, Carlo",,,1961,Milano,Edizioni Avanti!,Storia,Venturati,Venturati,,
Ordinamento dell'esercito italiano,01.1.PISORD,Libro edito,,"Pisacane, Carlo",,,1957,Milano-Roma,Edizioni Avanti!,"Amministrazione,Giuridico",Venturati,Venturati,,
La rivoluzione,01.1.PISRIV,Libro edito,,"Pisacane, Casrlo",,,1957,Milano-Roma,Edizioni Avanti!,Politica,Venturati,Venturati,,
Critone,01.1.PLACRI,Libro edito,,Platone,,,1978,Milano,Signorelli,Filosofia,Venturati,Venturati,,
Il nazismo e lo sterminio degli Ebrei,01.1.POLNAZ,Libro edito,,"Poliakov, Léon",,,1961,Torino,Einaudi,Storia,Venturati,Venturati,,
L'impresa pubblica nell'esperienza italiana,01.1.POSLIM,Libro edito,,"Posner, M.V.","Woolf, S.J.",,1967,Torino,Einaudi,"Economia,Amministrazione",Venturati,Venturati,,
Discorsi per il Congresso socialista del 1968,01.1.PREDIS,Libro edito,,"Preti, Luigi",,,1968,Roma,SETI,"Politica,Socialismo",Venturati,Venturati,,
Praxis ed Empirismo,01.1.PREPRA,Libro edito,,"Preti, Giulio",,,1957,Torino,Einaudi,Filosofia,Venturati,Venturati,,
Retorica e logica,01.1.PRERET,Libro edito,,"Preti, Giulio",,,1968,Torino,Einaudi,Filosofia,Venturati,Venturati,,
32° Congresso Nazionale,01.1.PSI32C,Libro edito,,PSI,,,1957,Milano-Roma,Edizioni Avanti!,"Politica,Socialismo",Venturati,Venturati,,
33° Congresso Nazionale. Resoconto stenografico,01.1.PSI33C,Libro edito,,PSI,,,1959,Milano,Edizioni Avanti!,"Politica,Socialismo",Venturati,Venturati,,
35° Congresso Nazionale. Resoconto integrale,01.1.PSI35C,Libro edito,,PSI,,,1964,Milano ,Edizioni Avanti!,"Politica,Socialismo",Venturati,Venturati,,
Almanacco socialista,01.1.PSIALM,Libro edito,,PSI,,,1960,Milano,Edizioni Avanti!,"Politica,Socialismo",Venturati,Venturati,,
Il Congresso Costitutivo della Federazione Giovanile Socialista,01.1.PSICON,Libro edito,,PSI,,,1962,Milano ,Edizioni Avanti!,"Politica,Socialismo",Venturati,Venturati,,
Conferenza Agraria Nazionale. Atti e resoconto,01.1.PSICON,Libro edito,,PSI,,,1958,Milano-Roma,Edizioni Avanti!,"Politica,Socialismo,Amministrazione",Venturati,Venturati,,
Governare il cambiamento. Conferenza programmatica del PSI Rimini 1982,01.1.PSIGOV,Libro edito,,PSI,,,1982,Roma,Il compagno,"Politica,Socialismo",Venturati,Venturati,,
Governare il cambiamento. Conferenza programmatica del PSI Rimini 1982,01.1.PSIGOV,Libro edito,,PSI,,,1982,Roma,Il compagno,"Politica,Socialismo",Venturati,Venturati,,
La Regione Lombarda. Atti del convegno regionale del PSI,01.1.PSIREG,Libro edito,,PSI lombardo,,,1960,Milano,Edizioni Avanti!,"Politica,Socialismo,Amministrazione",Venturati,Venturati,,
Donare. Il diario di Anna Maria,01.1.QUODON,Libro edito,,"Quoist, Michel",,,1963,Torino,Borla,Biografico,Venturati,Venturati,,
Da Teheran a Yalta,01.1.RAGDAT,Libro edito,,"Ragionieri, Ernesto",,,1965,Roma,Editori Riuniti,"Politica,Esteri,Storia",Venturati,Venturati,,
Sessant'anni dopo. 28 ottobre 1922: il giorno che stravolse l'Italia,01.1.RÉPSES,Libro edito,,"Répaci, Antonino",,,1982,Milano,Rizzoli,"Storia,Fascismo",Venturati,Venturati,,
Angelo Tasca socialista,01.1.RIOANG,Libro edito,,"Riosa, Alceo",,,1980,Padova,Marsilio,"Biografico,Socialismo",Venturati,Venturati,,
Dove va l'URSS?,01.1.RIZDOV,Libro edito,,"Rizzi, Bruno",,,1965,Milano,Azione Comune,"Politica,Esteri",Venturati,Venturati,,
L'unificazione socialista,01.1.ROSLUN,Libro edito,,"Rossi, Cesare","Achilli, Fabrizio",,1969,Milano,Palazzi,"Politica,Socialismo",Venturati,Venturati,,
No al fascismo,01.1.ROSNOA,Libro edito,,"Rossi, Ernesto",,,1957,Torino,Einaudi,"Politica,Fascismo",Venturati,Venturati,,
Piccola storia della biologia,01.1.ROSPIC,Libro edito,,"Rostand, Jean",,,1949,Torino,Einaudi,Storia,Venturati,Venturati,,
La scuola delle 150 ore,01.1.ROSSCU,Libro edito,,"Rossetti Pepe, Gabriella",,,1975,Milano,FrancoAngeli,Amministrazione,Venturati,Venturati,,
Il contratto sociale,01.1.ROUCON,Libro edito,,"Rousseau, Jean-Jacques",,,1958,Torino,Einaudi,Filosofia politica,Venturati,Venturati,,
Gesù guerrigliero dell'indipendenza,01.1.ROYGES,Libro edito,,"Roy, Raoul",,,1979,Milano,Mursia,Politica,Venturati,Venturati,,
La grande impresa nella società moderna,01.1.RUFGRA,Libro edito,,"Ruffolo, Giorgio",,,1967,Torino,Einaudi,Economia,Venturati,Venturati,,
Giovanni Verga,01.1.RUSGIO,Libro edito,,"Russo, Luidi",,,1976,Roma-Bari,Laterza,"Biografico,Letteratura",Venturati,Venturati,,
la boje!,01.1.SALBOJ,Libro edito,,"Salvadori, Rinaldo",,,1962,Milano,Edizioni Avanti!,Narrativa,Venturati,Venturati,,
Clericali e laici,01.1.SALCLE,Libro edito,,"Salvemini, Gaetano",,,1958,Milano,Parenti,"Politica,Chiesa",Venturati,Venturati,,
Il compromesso storico. Obiezioni di un comunista,01.1.SALCOM,Libro edito,,"Salerno, Michele",,,1977,Roma,Lerici,"Politica,Comunismo",Venturati,Venturati,,
Educazione. Ragione e democrazione,01.1.SALEDU,Libro edito,,"Salvadori, Massimo",,,1959,Roma,Opere Nuove,Educazione,Venturati,Venturati,,
Gaetano Salvemini,01.1.SALGAE,Libro edito,,"Salvadori, Massimo L.",,,1963,Torino,Einaudi,Biografico,Venturati,Venturati,,
Pensiero e azione del Risorgimento,01.1.SALPEN,Libro edito,,"Salvatorelli, Luigi",,,1960,Torino,Einaudi,Storia,Venturati,Venturati,,
Scritti sulla questione meridionale,01.1.SALSCR,Libro edito,,"Salvemini, Gaetano",,,1955,Torino,Einaudi,Politica,Venturati,Venturati,,
Stato e chiesa,01.1.SALSTA,Libro edito,,"Salvatorelli, Luigi",,,1957,Bari,Laterza,"Politica,Chiesa",Venturati,Venturati,,
L'Italia delle regioni,01.1.SANLIT,Libro edito,,"Santarelli, Enzo",,,1966,Roma,LDC,"Politica,Amministrazione",Venturati,Venturati,,
La classe operaia nella Germania Est,01.1.SARCLA,Libro edito,,"Sarel, Benno",,,1959,Torino,Einaudi,"Inchiesta,Operaismo,Esteri",Venturati,Venturati,,
Giovanni Faraboli. Apostolo di socialismo e di italianità,01.1.SARGIO,Libro edito,,"Saragat, Giuseppe",,,1955,Reggio Emilia,La Giustizia,"Politica,Socialismo,Biografico",Venturati,Venturati,,
L'economia nei paesi industrializzati,01.1.SARLEC,Libro edito,,"Saraceno, P.",,,1970,Milano,Etas Kompass,Economia,Venturati,Venturati,,
Quaranta anni di lotta per la democrazia. Scritti e discorsi 1925-1965,01.1.SARQUA,Libro edito,,"Saragat, Giuseppe",,,1966,Milano,Mursia,"Politica,Socialismo",Venturati,Venturati,,
Socialismo democratico e socialismo totalitario. Per l'autonomia del Partito Socialista,01.1.SARSOC,Libro edito,,"Saragat, Giuseppe",,,1946,Milano,Critica Sociale,"Politica,Socialismo",Venturati,Venturati,,
Federazione Sindacale Mondiale,01.1.SASFED,Libro edito,,"Sassano, Fidia",,,1967,Milano,Azione Comune,"Politica,Esteri",Venturati,Venturati,,
Storia della letteratura francese,01.1.SAUSTO,Libro edito,,"Saunier, V. L.",,,1964,Torino,Einaudi,"Storia,Letteratura",Venturati,Venturati,,
Interviste ai potenti,01.1.SCAINT,Libro edito,,"Scalfari, Eugenio",,,1979,Milano,Mondadori,"Giornalismo,Politica",Venturati,Venturati,,
L'autunno della Repubblica. La mappa del potere in Italia,01.1.SCALAU,Libro edito,,"Scalfari, Eugenio",,,1969,Milano,Etas Kompass,"Inchiesta,Politica",Venturati,Venturati,,
I Mille Giorni di John F. Kennedy,01.1.SCHMIL,Libro edito,,"Schlesinger, Arthur M.",,,1966,Milano,Rizzoli Editore,"Storia,Esteri",Venturati,Venturati,,
Il Partito Comunista nell'URSS,01.1.SCHPAR,Libro edito,,"Schlesinger, Rudolf",,,1962,Milano,Feltrinelli,"Politica,Esteri,Comunismo",Venturati,Venturati,,
Lapalma va a nord,01.1.SCILAP,Libro edito,,"Sciascia, Leonardo",,,1982,Milano,Gammalibri,Inchiesta,Venturati,Venturati,,
Nero su nero,01.1.SCINER,Libro edito,,"Sciascia, Leonardo",,,1979,Torino,Einaudi,Biografico,Venturati,Venturati,,
Chiesa e Stato nella storia d'Italia,01.1.SCOCHI,Libro edito,,"Scoppola, Pietro",,,1967,Bari,Laterza,"Storia,Chiesa",Venturati,Venturati,,
Dissenso politico e violenza,01.1.SEGDIS,Libro edito,,"Segre, Umberto",,,1980,Padova,Marsilio,Politica,Venturati,Venturati,,
Filosofia delle scienze,01.1.SELFIL,Libro edito,,"Selvaggi, Filippo",,,1953,Roma ,Civiltà Cattolica,Filosofia,Venturati,Venturati,,
Un bagaglio che scotta,01.1.SENBAG,Libro edito,,"Seniga, Giulio",,,1973,Milano,Azione Comune,Biografico,Venturati,Venturati,,
Israele '67,01.1.SENISR,Libro edito,,"Seniga, Giulio",,,1967,Milano,Azione Comune,"Politica,Esteri",Venturati,Venturati,,
Togliatti e Stalin,01.1.SENTOG,Libro edito,,"Seniga, Giulio",,,1961,Roma,Sugarco,"Politica,Comunismo",Venturati,Venturati,,
L'Italia l'è malada,01.1.SERLIT,Libro edito,,"Seroni, Adriano",,,1955,Milano-Roma,Edizioni Avanti!,"Narrativa,Politica",Venturati,Venturati,,
La sfida americana,01.1.SERSFI,Libro edito,,"Servan-Schreiber, Jean-Jacques",,,1968,Milano,Etas Kompass,"Politica,Esteri",Venturati,Venturati,,
Dizionario storico politico italiano,01.1.SESDIZ,Libro edito,,"Sestan, Ernesto",,,1971,Firenze,Sansoni,Politica,Venturati,Venturati,,
La verità sull'economia cecoslovacca,01.1.SIKVER,Libro edito,,"Sik, Ota",,,1969,Milano,Etas Kompass,"Economia,Esteri,Comunismo",Venturati,Venturati,,
Quando muore un comunista,01.1.SIRQUA,Libro edito,,"Sironi, Antonio",,,1955,Milano,Edizioni Avanti!,"Narrativa,Comunismo",Venturati,Venturati,,
Eugenio Colorni,01.1.SOLEUG,Libro edito,,"Solari, Leo",,,1980,Padova,Marsilio,"Biografico,Resistenza",Venturati,Venturati,,
La revisione del concordato,01.1.SPAREV,Libro edito,,"Spadolini, Giovanni",,,1979,Firenze,Le Monnier,"Politica,Chiesa,Giuridico",Venturati,Venturati,,
Problemi di storia del Partito Comunista Italiano,01.1.SPRPRO,Libro edito,,"Spriano, Paolo",,,1971,Roma,Editori Riuniti,"Storia,Comunismo,Politica",Venturati,Venturati,,
La Questione Italiana al Terzo Congresso della Internazionale Comunista,01.1.SPRQUE,Libro edito,,"Spriano, Paolo",,,1980,Roma,Editori Riuniti,"Politica,Comunismo",Venturati,Venturati,,
I Bonaparte. Storia di una famiglia,01.1.STABON,Libro edito,,"Stacton, David",,,1967,Milano,Club degli Editori,Storia,Venturati,Venturati,,
Questioni del leninismo,01.1.STAQUE,Libro edito,,"Stalin, Giuseppe",,,1946,Mosca,Edizioni in lingue estere,"Politica,Comunismo",Venturati,Venturati,,
Storia di preti e di palazzinari,01.1.STASTO,Libro edito,,"Statera, Alberto",,,1977,Roma,L'Espresso,"Inchiesta,Chiesa",Venturati,Venturati,,
Dialogo con Giorgio Bocca sui fantasmi d'una generazione,01.1.STEDIA,Libro edito,,"Sterpa, Egidio",,,1978,Milano,Nuova Editoriale,Politica,Venturati,Venturati,,
Il Verdetto dei tre decenni,01.1.STEVER,Libro edito,,"Steinberg, Julien",,,1952,Milano,Sperling & Kupfer,Politica,Venturati,Venturati,,
Teoria della politica estera americana,01.1.SWETEO,Libro edito,,"Sweezy, Paul M.","Huberman, Leo",,1963,Torino,Einaudi,"Politica,Esteri",Venturati,Venturati,,
Gaetano Salvemini nel cinquantennio liberale,01.1.TAGGAE,Libro edito,,"Tagliacozzo, Enzo",,,1958,Firenze,La Nuova Italia,"Politica,Storia",Venturati,Venturati,,
Il senso della morte e l'amore della vita nel Rinascimento,01.1.TENSEN,Libro edito,,"Tenenti, Alberto",,,1957,Torino,Einaudi,Storia,Venturati,Venturati,,
Abramo Lincoln,01.1.THOABR,Libro edito,,"Thomas, Benjamin",,,1964,Torino,Einaudi,"Biografico,Storia",Venturati,Venturati,,
Viaggio in India,01.1.TODVIA,Libro edito,,"Todisco, Alfredo",,,1962,Torino,Einaudi,Narrativa,Venturati,Venturati,,
Storia dell'evoluzione biologica,01.1.TOFSTO,Libro edito,,"Tofini, Paolo",,,1960,Milano,Edizioni Avanti!,Storia,Venturati,Venturati,,
Da Salerno a Yalta. Vent'anni di lotta politica negli articoli di Rinascita,01.1.TOGDAS,Libro edito,,"Togliatti, Palmiro",,,1984,Roma,Rinascita,"Politica,Storia,Comunismo",Venturati,Venturati,,
La formazione del gruppo dirigente del Partito Comunista Italiano,01.1.TOGFOR,Libro edito,,"Togliatti, Palmiro",,,1962,Roma,Editori Riuniti,"Politica,Comunismo",Venturati,Venturati,,
Con l'armata italiana in Russia,01.1.TOLCON,Libro edito,,"Tolloy, Giusto",,,1947,Torino,De Silva,"Storia,Esteri",Venturati,Venturati,,
Filippo Turati,01.1.TREFIL,Libro edito,,"Treves, Claudio",,,1945,Roma-Milano,Avanti!,"Biografico,Socialismo",Venturati,Venturati,,
Lineamenti di una Storia del movimento operaio italiano. Dalla rivoluzione industriale alla I Internazionale,01.1.TRELIN.1,Libro edito,1,"Trevisani, Giulio",,,1958,Milano-Roma,Edizioni Avanti!,"Storia,Operaismo",Venturati,Venturati,,
Lineamenti di una Storia del movimento operaio italiano. Dalla I Internazionale a fine secolo,01.1.TRELIN.2,Libro edito,2,"Trevisani, Giulio",,,1960,Milano-Roma,Edizioni Avanti!,"Storia,Operaismo",Venturati,Venturati,,
Un socialista: Filippo Turati,01.1.TRESOC,Libro edito,,"Treves, Claudio",,,1940,Roma,Critica Sociale,"Biografico,Socialismo",Venturati,Venturati,,
Quaderni rossi. La fabbrica e la società,01.1.TROQUA.2,Libro edito,2,"Tronti, M.",,,1962,Milano,Istituto Morando,"Politica,Comunismo",Venturati,Venturati,,
Scritti,01.1.TROSCR,Libro edito,,"Trotskij, Lev",,,1962,Torino,Einaudi,"Politica,Comunismo",Venturati,Venturati,,
Storia della rivoluzione russa 1,01.1.TROSTO.1,Libro edito,1,"Trotskij, Lev",,,1939,Roma,Garzanti,"Politica,Comunismo",Venturati,Venturati,,
Storia della rivoluzione russa 2,01.1.TROSTO.2,Libro edito,2,"Trotskij, Lev",,,1939,Roma,Garzanti,"Politica,Comunismo",Venturati,Venturati,,
Storia della rivoluzione russa 3,01.1.TROSTO.3,Libro edito,3,"Trotskij, Lev",,,1939,Roma,Garzanti,"Politica,Comunismo",Venturati,Venturati,,
L'organizzazione socialista,01.1.TURLOR,Libro edito,,"Turati, Filippo",,,1958,Roma,Opere Nuove,"Politica,Socialismo",Venturati,Venturati,,
Gli intellettuali di sinistra e la crisi del 1956,01.1.VACINT,Libro edito,,"Vacca, Giuseppe",,,1978,Roma,Rinascita - Editori riuniti,"Politica,Comunismo",Venturati,Venturati,,
Il pensiero politico contemporaneo,01.1.VALPEN,Libro edito,,"Valentini, Francesco",,,1979,Bari,Laterza,"Politica,Filosofia politica",Venturati,Venturati,,
Questioni di storia del socialismo,01.1.VALQUE,Libro edito,,"Valiani, Leo",,,1958,Torino,Einaudi,"Storia,Socialismo",Venturati,Venturati,,
La sinistra democratica in Italia,01.1.VALSIN,Libro edito,,"Valiani, Leo",,,1977,Roma,Della Voce,Politica,Venturati,Venturati,,
I cinesi. In margine al contrasto Mosca-Pechino,01.1.VASCIN,Libro edito,,"Vasconi, Luciano",,,1964,Milano,Azione Comune,"Politica,Comunismo,Esteri",Venturati,Venturati,,
Il processo civile avanti al Pretore,01.1.VISPRO.1,Libro edito,1,"Visco, Antonio",,,1952,S. Maria C.V.,Schiano,Giuridico,Venturati,Venturati,,
Il processo civile avanti al Pretore,01.1.VISPRO.2,Libro edito,2,"Visco, Antonio",,,1952,S. Maria C.V.,Schiano,Giuridico,Venturati,Venturati,,
Il processo civile avanti al Pretore,01.1.VISPRO.3,Libro edito,3,"Visco, Antonio",,,1952,S. Maria C.V.,Schiano,Giuridico,Venturati,Venturati,,
Il comunismo sovietico: una nuova civiltà,01.1.WEBCOM.1,Libro edito,1,"Webb, Sidney","Webb, Beatrice",,1950,Torino,Einaudi,"Politica,Comunismo,Esteri",Venturati,Venturati,,
Il comunismo sovietico: una nuova civiltà,01.1.WEBCOM.2,Libro edito,2,"Webb, Sidney","Webb, Beatrice",,1950,Torino,Einaudi,"Politica,Comunismo,Esteri",Venturati,Venturati,,
Trotskij in esilio,01.1.WEITRO,Libro edito,,"Weiss, Peter",,,1970,Torino,Einaudi,"Biografico,Esteri,Comunismo,Storia",Venturati,Venturati,,
Storia della Quarta Repubblica,01.1.WERSTO,Libro edito,,"Werth, Alexander",,,1958,Torino,Einaudi,"Storia,Esteri",Venturati,Venturati,,
"Stelle, strisce e tricolore",01.1.WOLSTE,Libro edito,,"Wollemborg, Leo J.",,,1983,Milano,Mondadori,"Politica,Esteri",Venturati,Venturati,,
I tre artefici della rivoluzione d'ottobre,01.1.WOLTRE,Libro edito,,"Wolfe, B.D.",,,1953,Firenze,La Nuova Italia,"Storia,Esteri,Comunismo",Venturati,Venturati,,
Il lungo viaggio attraverso il fascismo,01.1.ZANLUN,Libro edito,,"Zangrandi, Ruggero",,,1962,Milano,Feltrinelli,"Storia,Fascismo",Venturati,Venturati,,
Memorie di un socialista 1905-1965,01.1.ZILMEM,Libro edito,,"Zilocchi, Carlo",,,1967,Milano,Del Gallo,"Biografico,Socialismo",Venturati,Venturati,,
Vita del carcere di Antonio Gramsci,01.1.ZUCVIT,Libro edito,,"Zucaro, Domenico",,,1954,Milano-Roma,Edizioni Avanti!,"Biografico,Comunismo,Storia",Venturati,Venturati,,
Dalla politica di unità nazionale alla elezione di Sandro Pertini,01.2.BALDAL,Libro autoprodotto,,"Balzamo, Vincenzo",,,1979,Milano,PSI,"Elettorale,Socialismo,Storia",Venturati,Venturati,,
La riforma autonomistica delle regioni e il progetto disgregatore delle leghe,01.2.BALRIF,Libro autoprodotto,,"Balzamo, Vincenzo",,,1990,Brescia,PSI,"Politica,Amministrazione,Giuridico",Venturati,Venturati,,
Il riformismo socialista in Italia e in Europa,01.2.BALRIF,Libro autoprodotto,,"Balzamo, Vincenzo",,,1989,Milano,PSI,"Politica,Socialismo,Esteri",Venturati,Venturati,,
Camillo Prampolini,01.2.BARCAM,Libro autoprodotto,,"Barazzoni, Renzo",,,1959,Reggio Emilia,Federazione reggiana del PSI,"Biografico,Socialismo",Venturati,Venturati,,
Chi è e cosa ha fatto Ivan Matteo Lombardo,01.2.BIACHI,Libro autoprodotto,,"Bianchi, Umeberto",,,1953,Milano,PSDI,"Elettorale,Socialismo,Politica",Venturati,Venturati,,
I vecchi socialisti prampoliniani,01.2.BOTVEC,Libro autoprodotto,,"Bottazzi, Bartolo",,,1945,Reggio Emilia,Federazione Prov. Socialista di Reggio Emilia,"Storia,Socialismo",Venturati,Venturati,,
Per un programma minimo socialista,01.2.CREPER,Libro autoprodotto,,CREA,,,1983,Milano,CREA,"Politica,Socialismo",Venturati,Venturati,,
50 anni di caricatura politica nell'opera di Giuseppe Scalarini,01.2.ENT50A,Libro autoprodotto,,Ente Provinciale del Turismo - Mantova,,,1965,Mantova,Ente Provinciale del Turismo - Mantova,Giornalismo,Venturati,Venturati,,
Umberto Mannini,01.2.LUIUMB,Libro autoprodotto,,Luigina Delli,,,1978,Calenzano,Comune di Calenzano,Biografico,Venturati,Venturati,,
Non per stato di necessità ma per scelta politica,01.2.NENNON,Libro autoprodotto,,"Nenni, Pietro",,,1970,Roma,PSI,"Politica,Socialismo",Venturati,Venturati,,
L'iniziativa socialista per la Valsassina e la Valvarrone,01.2.PSILIN,Libro autoprodotto,,PSI lombardo,,,1967,Milano,CeSReL,"Politica,Socialismo",Venturati,Venturati,,
Note per una politica socialista,01.2.PSINOT.2,Libro autoprodotto,2,PSI,,,1976,Milano,PSI,"Periodici,Socialismo,Politica",Venturati,Venturati,,
Note per una politica socialista,01.2.PSINOT.7,Libro autoprodotto,7,PSI,,,1977,Milano,PSI,"Periodici,Socialismo,Politica",Venturati,Venturati,,
Note per una politica socialista,01.2.PSINOT.8,Libro autoprodotto,8,PSI,,,1977,Milano,PSI,"Periodici,Socialismo,Politica",Venturati,Venturati,,
Il partito socialista struttura e organizzazione,01.2.PSIPAR,Libro autoprodotto,,PSI,,,1975,Roma,PSI,"Politica,Socialismo",Venturati,Venturati,,
PSI-PSDI Unificati. Statuto,01.2.PSIPSI,Libro autoprodotto,,PSI-PSDI,,,SD,Roma,PSI-PSDI Unificati,"Politica,Socialismo",Venturati,Venturati,,
Quaderni della sezione centrale di organizzazione. Documenti de dibattito di base,01.2.PSIQUA.2,Libro autoprodotto,2,PSI,,,1974,Roma,PSI,"Politica,Socialismo",Venturati,Venturati,,
Quaderni della sezione centrale di organizzazione. Documenti de dibattito di base,01.2.PSIQUA.3,Libro autoprodotto,3,PSI,,,1974,Roma,PSI,"Politica,Socialismo",Venturati,Venturati,,
Statuto del Partito Socialista Italiano,01.2.PSISTA,Libro autoprodotto,,PSI,,,1965,Roma,PSI,"Politica,Socialismo",Venturati,Venturati,,
Statuto,01.2.PSISTA,Libro autoprodotto,,PSI,,,s.d.,Roma,PSI,"Politica,Socialismo",Venturati,Venturati,,
Statuto del Partito Socialista Italiano,01.2.PSISTA,Libro autoprodotto,,PSI,,,s.d.,Roma,PSI,"Politica,Socialismo",Venturati,Venturati,,
Avanti con maggior vigore nella lotta per il centro-sinistra,01.2.SARAVA,Libro autoprodotto,,"Saragat, Giuseppe",,,1963,Roma,PSDI,"Politica,Socialismo",Venturati,Venturati,,
Le giornate della Liberazione,01.2.UFFGIO,Libro autoprodotto,,Ufficio Stampa Comune di Milano,,,1975,Milano,Ufficio Stampa Comune di Milano,"Storia,Resistenza",Venturati,Venturati,,
Il Mulino,01.3.AAVMUL.1,Periodici,1,AAVV,,,1984,Bologna,Il Mulino,"Periodici,Politica",Venturati,Venturati,,
Il Mulino,01.3.AAVMUL.2,Periodici,2,AAVV,,,1984,Bologna,Il Mulino,"Periodici,Politica",Venturati,Venturati,,
Il Mulino,01.3.AAVMUL.3,Periodici,3,AAVV,,,1984,Bologna,Il Mulino,"Periodici,Politica",Venturati,Venturati,,
Il Mulino,01.3.AAVMUL.4,Periodici,4,AAVV,,,1984,Bologna,Il Mulino,"Periodici,Politica",Venturati,Venturati,,
Nuova Rivista Internazionale,01.3.AAVNUO.5,Periodici,5,AAVV,,,1965,Roma,SGRA,"Periodici,Politica",Venturati,Venturati,,
Le ragioni politiche,01.3.AAVRAG.1,Periodici,1,AAVV,,,1967,Roma,Marsilio,"Periodici,Politica",Venturati,Venturati,,
Le ragioni politiche,01.3.AAVRAG.2-3,Periodici,2-3,AAVV,,,1967,Roma,Marsilio,"Periodici,Politica",Venturati,Venturati,,
Rivista storica del socialismo,01.3.AAVRIV.17,Periodici,17,AAVV,,,1962,Firenze,La Nuova Italia,"Periodici,Socialismo,Storia",Venturati,Venturati,,
Rivista storica del socialismo,01.3.AAVRIV.18,Periodici,18,AAVV,,,1963,Firenze,La Nuova Italia,"Periodici,Socialismo,Storia",Venturati,Venturati,,
Rivista storica del socialismo,01.3.AAVRIV.19,Periodici,19,AAVV,,,1963,Firenze,La Nuova Italia,"Periodici,Socialismo,Storia",Venturati,Venturati,,
Rivista storica del socialismo,01.3.AAVRIV.20,Periodici,20,AAVV,,,1963,Firenze,La Nuova Italia,"Periodici,Socialismo,Storia",Venturati,Venturati,,
Rivista storica del socialismo,01.3.AAVRIV.21,Periodici,21,AAVV,,,1964,Firenze,La Nuova Italia,"Periodici,Socialismo,Storia",Venturati,Venturati,,
Rivista storica del socialismo,01.3.AAVRIV.22,Periodici,22,AAVV,,,1964,Firenze,La Nuova Italia,"Periodici,Socialismo,Storia",Venturati,Venturati,,
Rivista storica del socialismo,01.3.AAVRIV.23,Periodici,23,AAVV,,,1964,Firenze,La Nuova Italia,"Periodici,Socialismo,Storia",Venturati,Venturati,,
Rivista storica del socialismo,01.3.AAVRIV.24,Periodici,24,AAVV,,,1965,Firenze,La Nuova Italia,"Periodici,Socialismo,Storia",Venturati,Venturati,,
Rivista storica del socialismo,01.3.AAVRIV.27,Periodici,27,AAVV,,,1966,Firenze,La Nuova Italia,"Periodici,Socialismo,Storia",Venturati,Venturati,,
Rivista storica del socialismo,01.3.AAVRIV.28,Periodici,28,AAVV,,,1966,Firenze,La Nuova Italia,"Periodici,Socialismo,Storia",Venturati,Venturati,,
Rivista storica del socialismo,01.3.AAVRIV.29,Periodici,29,AAVV,,,1966,Firenze,La Nuova Italia,"Periodici,Socialismo,Storia",Venturati,Venturati,,
Rivista storica del Socialismo. Il PSI e la grande guerra,01.3.AAVRIV.32,Periodici,32,AAVV,,,1967,Firenze,La Nuova Italia,"Periodici,Socialismo,Storia",Venturati,Venturati,,
Una sinistra per la DC. I fatti del Cile,01.3.AAVSIN.2-3,Periodici,2-3,AAVV,,,1973,Monza,Quaderni di dibattito politico,"Politica,Esteri,Democrazia Cristiana",Venturati,Venturati,,
Confronti,01.3.REGCON.2,Periodici,2,Regione Lombardia,,,1981,Milano,Regione Lombardia,"Periodici,Amministrazione",Venturati,Venturati,,
Confronti,01.3.REGCON.2,Periodici,2,Regione Lombardia,,,1981,Milano,Regione Lombardia,"Periodici,Amministrazione",Venturati,Venturati,,
Civitas,01.3.TAVCIV.6,Periodici,6,"Taviani, Paolo Emilio",,,1981,Milano,Edizioni Civitas,Periodici,Venturati,Venturati,,
Civitas,01.3.TAVCIV.7-8,Periodici,7-8,"Taviani, Paolo Emilio",,,1981,Milano,Edizioni Civitas,Periodici,Venturati,Venturati,,
Critica marxista,01.3.TORCRI.1-2,Periodici,1-2,"Tortorella, Aldo",,,1984,Roma,Editori Riuniti,"Periodici,Comunismo",Venturati,Venturati,,
Critica marxista,01.3.TORCRI.3,Periodici,3,"Tortorella, Aldo",,,1984,Roma,Editori Riuniti,"Periodici,Comunismo",Venturati,Venturati,,
Critica marxista,01.3.TORCRI.6,Periodici,6,"Tortorella, Aldo",,,1984,Roma,Editori Riuniti,"Periodici,Comunismo",Venturati,Venturati,,
Il Caffè. Problemi della socialdemocrazia,01.3.VICCAF,Periodici,,"Vicari, Gianbattista",,,1955,Milano,Il Caffé,"Periodici,Socialismo",Venturati,Venturati,,
Soluzioni concrete a problemi reali,01.5.OLCSOL,Materiale elettorale,,"Olcese, Vittorio",,,1983,Milano,PRI,"Elettorale,Socialismo",Venturati,Venturati,,
Ricerche di storia contemporanea bergamasca,01.6.AAVRIC,Studi e documentazione di ricerca,,AAVV,,,1970,Bergamo,ISREC,"Periodici,Resistenza,Storia",Venturati,Venturati,,
Ricerche di storia contemporanea bergamasca,01.6.AAVRIC.3-4,Studi e documentazione di ricerca,3-4,AAVV,,,1972,Bergamo,ISREC,"Storia,Resistenza,Periodici",Venturati,Venturati,,
Studi Storici,01.6.AAVSTU.3,Studi e documentazione di ricerca,3,AAVV,,,1963,Roma,Istituto Gramsci,"Periodici,Storia",Venturati,Venturati,,
In ricordo di Riccardo Bauer,01.6.ARDINR,Studi e documentazione di ricerca,,"Arduino, Mario","Ghezzi, Morris L.",,1982,Milano,CREA,Storia,Venturati,Venturati,,
L'economia sovietica nell'era di Breznev,01.6.BRELEC,Studi e documentazione di ricerca,,"Brera, Paolo",,,1977,Milano,Centro Mondolfo,"Economia,Comunismo,Esteri",Venturati,Venturati,,
I movimenti pacifisti: dalle marce all'analisi agli slognas,01.6.CREMOV,Studi e documentazione di ricerca,,CREA,,,1981,MIlano,CREA,"Politica,Esteri",Venturati,Venturati,,
Rapporto sul Medio Oriente: Israele e gli stati arabi,01.6.DARRAP,Studi e documentazione di ricerca,,"Da Rold, Gianluigi","Sodano, Pier Giulio",,1970,Milano,Associazione Sionistica Italiana,"Storia,Esteri",Venturati,Venturati,,
Primo rapporto sull'inchiesta di massa sul terrorismo,01.6.SEZPRI,Studi e documentazione di ricerca,,Sezione Problemi dello Stato,,,1982,Roma,Politica ed Economia,"Inchiesta,Terrorismo",Venturati,Venturati,,
Per un trattato di pace con la Germania per scongiurare i pericoli di guerra,01.6.SINPER,Studi e documentazione di ricerca,,Sindacati e Lavoratori d'Europa,,,1959,Görlitz-Zgorzelec,Conferenza dei Sindacati e dei Lavoratori d'Europa,"Politica,Esteri",Venturati,Venturati,,
Diverbio ai seggi fra Giuseppe Pisoni (PCI) e Sen. Angelo Castelli (DC),05.8.PISDIV,Fotografia,,"Pisoni, Giuseppe",,,1976,Caravaggio,,"Politica,Caravaggio,Comunismo",Crapabela,Crapabela,,images/PCI/Crapabela/05.8.PISDIV.jpeg
Festa de L'Unità di Caravaggio,05.8.PISFES.1,Fotografia,1,"Pisoni, Giuseppe",,,s.d.,Caravaggio,,"Politica,Comunismo,Caravaggio,Festa de L'Unità",Crapabela,Crapabela,,images/PCI/Crapabela/05.8.PISFES.1.jpeg
Festa de L'Unità di Caravaggio,05.8.PISFES.2,Fotografia,2,"Pisoni, Giuseppe",,,s.d.,Caravaggio,,"Politica,Caravaggio,Comunismo,Festa de L'Unità",Crapabela,Crapabela,,images/PCI/Crapabela/05.8.PISFES.2.jpeg
Festa de L'Unità di Caravaggio,05.8.PISFES.3,Fotografia,3,"Pisoni, Giuseppe",,,s.d.,Caravaggio,,"Caravaggio,Festa de L'Unità,Comunismo",Crapabela,Crapabela,,images/PCI/Crapabela/05.8.PISFES.3.jpeg
Manifesti elettorali a Caravaggio,05.8.PISMAN,Fotografia,,"Pisoni, Giuseppe",,,1976,Caravaggio,,"Caravaggio,Comunismo,Politica",Crapabela,Crapabela,,images/PCI/Crapabela/05.8.PISMAN.jpeg
Sen. Angelo Castelli ai seggi elettorali,05.8.PISSEN,Fotografia,,"Pisoni, Giuseppe",,,1976,Caravaggio,,"Caravaggio,Politica",Crapabela,Crapabela,,images/PCI/Crapabela/05.8.PISSEN.jpeg
Volontari del PCI di Caravaggio ristrutturano la Casa del Popolo,05.8.PISVOL.1,Fotografia,1,"Pisoni, Giuseppe",,,197?,Caravaggio,,"Caravaggio,Comunismo",Crapabela,Crapabela,,images/PCI/Crapabela/05.8.PISVOL.1.jpeg
Volontari del PCI di Caravaggio ristrutturano la Casa del Popolo,05.8.PISVOL.2,Fotografia,2,"Pisoni, Giuseppe",,,197?,Caravaggio,,"Caravaggio,Comunismo",Crapabela,Crapabela,,images/PCI/Crapabela/05.8.PISVOL.2.jpeg
Volontari del PCI di Caravaggio ristrutturano la Casa del Popolo,05.8.PISVOL.3,Fotografia,3,"Pisoni, Giuseppe",,,197?,Caravaggio,,"Caravaggio,Comunismo",Crapabela,Crapabela,,images/PCI/Crapabela/05.8.PISVOL.3.jpeg
Candidati nella lista del PCI del 1976,05.8.SCOCAN,Fotografia,,Sconosciuto,,,1976,Caravaggio,,"Caravaggio,Politica,Comunismo",Crapabela,Crapabela,,images/PCI/Crapabela/05.8.SCOCAN.jpeg
Giuseppe Pisoni durante i lavori di ristrutturazione della Casa del Popolo,05.8.SCOGIU,Fotografia,,Sconosciuto,,,s.d.,Caravaggio,,"Caravaggio,Comunismo",Crapabela,Crapabela,,images/PCI/Crapabela/05.8.SCOGIU.jpeg
Voltare pagina,A01.1.SOFVOL,Libro edito,,"Sofri, Gianni",,,1979,Torino,Stampatori,Storia,Gallavresi,Gallavresi,,
Il Panettiere Partigiano,A04.2.GATPAN,Libro autoprodotto,,"Gatti, Mirko",,,2023,Caravaggio,AFU Caravaggio,"Storia,Resistenza,Caravaggio",Stella,Stella,pdf/stella/03.2.GATPAN.pdf,
Busto di Emilio Gallavresi,A01.9.BEGSCO,Sculture,,Sconosciuto,,,s.d.,Caravaggio,,"Caravaggio,Socialismo",Gallavresi,Gallavresi,,images/gallavresi/A01.9.BEGSCO.jpeg
Candidato nella lista La Tua Caravaggio,A02.8.SCOCAN.1,Fotografia,1,Sconosciuto,,,2011,Caravaggio,,"Politica,Caravaggio",PD Caravaggio,PD Caravaggio,,images/PDCaravaggio/A02.8.SCOCAN.1.jpeg
Evento di campagna elettorale Ambrosini Sindaca 2011,A02.8.SCOEVE.1,Fotografia,1,Sconosciuto,,,2011,Caravaggio,,"Politica,Caravaggio",PD Caravaggio,PD Caravaggio,,images/PDCaravaggio/images/PDCaravaggio/A02.8.SCOEVE.1.jpeg
Evento di campagna elettorale Ambrosini Sindaca 2011,A02.8.SCOEVE.2,Fotografia,2,Sconosciuto,,,2011,Caravaggio,,"Politica,Caravaggio",PD Caravaggio,PD Caravaggio,,images/PDCaravaggio/images/PDCaravaggio/A02.8.SCOEVE.2.jpeg
